district_id,crop,risk_condition,recommendation,rationale,source_url,verified_grounded
mh_sambhajinagar,general,monsoon onset delayed / insufficient rainfall (less than 80-100 mm),Delay kharif sowing until the state receives 80-100 millimeters of rainfall.,The advisory aims to prevent crop losses and reduce financial strain on farmers due to inadequate soil moisture conditions.,https://vertexaisearch.cloud.google.com/grounding-api-redirect/AUZIYQHQZdodYHtDd9QYeUfXQolgYX8SNNPdR1Nzm19iyopukZuBqW75zYJtr--ENAsQCBe_tMlmRs1Wc4A37Z2LxvmGht-D3kCegiZT9pJhR3moGdj_gmRRm8DNf3JS8Ati98FK2MyhIf1z7pOVWH4I1x0Kh13MA8ROp3B7QJDK-MOMGNgboW6FQASu7HCRqR9RXMjtYdzhmBIe8_6JCcc9Ncry4aP4Rc2STAwbHP-LGTsOk6pJs-s1cLzDBhP1mAF7oypCnFFnp-UvClHXtiovdpWj0uWUTA==,True
mh_sambhajinagar,general,below-normal rainfall / delayed monsoon,"Promote short-duration crop varieties and those capable of delivering higher yields with lower water requirements. Consider shifting to less water-intensive crops like millets (jowar, bajra) and pulses (tur, gram, moong).",This strategy aims to mitigate risks associated with below-normal rainfall and ensure better crop establishment and resilience during dry spells.,https://vertexaisearch.cloud.google.com/grounding-api-redirect/AUZIYQHQZdodYHtDd9QYeUfXQolgYX8SNNPdR1Nzm19iyopukZuBqW75zYJtr--ENAsQCBe_tMlmRs1Wc4A37Z2LxvmGht-D3kCegiZT9pJhR3moGdj_gmRRm8DNf3JS8Ati98FK2MyhIf1z7pOVWH4I1x0Kh13MA8ROp3B7QJDK-MOMGNgboW6FQASu7HCRqR9RXMjtYdzhmBIe8_6JCcc9Ncry4aP4Rc2STAwbHP-LGTsOk6pJs-s1cLzDBhP1mAF7oypCnFFnp-UvClHXtiovdpWj0uWUTA==,False
mh_sambhajinagar,"cotton, soybean",monsoon delayed beyond the third week of July (for cotton/soybean) or 2-3 weeks delay (for cotton),"Avoid sowing cotton and soybeans beyond the third week of July. If cotton sowing is between July 2 and July 15, increase cottonseed usage by 20% and intercrop with jowar and tur. If delayed beyond five weeks (July 23-29), avoid cotton sowing or use indigenous varieties, increase seed use by 25-30%, reduce area under cotton, and give preference to tur. For soybeans, complete sowing by July 25.",Delayed sowing beyond these periods can severely impact yields and increase financial risks.,https://vertexaisearch.cloud.google.com/grounding-api-redirect/AUZIYQGHY_RGGvG90YxoR7MZ3BoQuaND7dnLeUNmWW9uwsGQeIErdr08n8kW7orLOSQA_zlkZBDWTfl4H4NIDk4G6SWLJmysuVnENGNVGeLhKmnssm_tavKYk_nM7OHV1KTPpSjqWM8EDX3Qg7s16PBj4iL1VxJEJixRcuUV-WZtvO7FHNtOzUAcUEv5S0Y289KbWH9qqV9iSxe5SbM4CbdiGJ0kVo-F8I5NPF-P2kNdLECk0F3rrWY=,True
mh_beed,general,Monsoon onset delayed and inadequate soil moisture,"Delay kharif sowing until adequate and sustained rainfall is received, waiting for four to eight days of satisfactory rainfall after the first showers.","Inadequate rainfall can lead to poor germination, uneven crop establishment, and financial losses from re-sowing.",https://vertexaisearch.cloud.google.com/grounding-api-redirect/AUZIYQFYNSui1iFcmzb_E_Onegu0jz7e9WBtqLIVCjQHP2HO4jhnfVAmZ82Tp6uMPjl5f0rSGVfTE5YY8bNVz9Dw56eGOZaRH1RR_YHuZi-ZbHx2YhiWuNp3L_--LI5cjbPsijw8A3Jo4fDW2HJTfPwN-jWXNmPtthW3PQoIOjPcWrpF9ENBEJMiJK1Lr1-8Prj3GeOeur7agM6JTm2XLSTbiAtJcsACQul8bSecrQ==,False
mh_beed,"cotton, soybean, tur",Rains delayed beyond July 8,"Focus on crops such as cotton, jowar, bajra, soybean, tur, sesame, and sunflower, while avoiding crops such as moong and groundnut; additionally, avoid sowing cotton and soybeans beyond the third week of July.","Crop selection, seed varieties, and sowing schedules must be adjusted according to rainfall patterns to prevent productivity fall and financial losses, as delayed sowing could severely impact yields.",https://vertexaisearch.cloud.google.com/grounding-api-redirect/AUZIYQHFM0G-GFTmuwtfBiEVnV4H5keQuvYItStlu2PQ7kih4Q1K_BqTF3Ud55Mrg0Arh3VDWVQIBUAyFYYu3ImtTL_XKFgK8uBrfwrKSeNKyZfoc9c2key1FX4Yyz8QnA95PdE-ebY3tCVa2PSd7yMRxKGIPXztCInEvRi46-2TuFOtAsEploxJmfBQR_Ve9dZwmNS85ub3C87z24DaSW36FZ1XOFejJ0NjCgIHGGkRpK1KzGM6IQ==,True
mh_beed,"cotton, soybean, tur",Monsoon delayed beyond five weeks (sowing between July 23 and July 29),"Avoid cotton sowing; if sowing is undertaken, use indigenous varieties, increase cotton seed use by 25-30%, reduce the area under cotton, and give preference to tur; for soybeans, use 75-80 kg of quality seeds per hectare.",These are stringent recommendations for situations where the monsoon is significantly delayed to cope with drought-like conditions and minimize losses.,https://vertexaisearch.cloud.google.com/grounding-api-redirect/AUZIYQHFM0G-GFTmuwtfBiEVnV4H5keQuvYItStlu2PQ7kih4Q1K_BqTF3Ud55Mrg0Arh3VDWVQIBUAyFYYu3ImtTL_XKFgK8uBrfwrKSeNKyZfoc9c2key1FX4Yyz8QnA95PdE-ebY3tCVa2PSd7yMRxKGIPXztCInEvRi46-2TuFOtAsEploxJmfBQR_Ve9dZwmNS85ub3C87z24DaSW36FZ1XOFejJ0NjCgIHGGkRpK1KzGM6IQ==,True
mh_latur,general,Monsoon onset delayed or inadequate soil moisture (early June 2026),Farmers should not rush with sowing operations and wait for adequate soil moisture and sustained rainfall before entering fields.,"Premature sowing under inadequate soil moisture conditions can lead to poor germination and uneven crop establishment, increasing operational costs due to potential re-sowing.",https://vertexaisearch.cloud.google.com/grounding-api-redirect/AUZIYQGg_ru5AAYCmU8LQgUCU7_PHP9FRUsH3QB3XL1rqlV610NO8cG_hgn-Xbw83TTUzusecLJjwW2e3K5TUW4V1MW0PXAD9y4xw3v3sReStbU5QwRsiowCIjVOEU8xvczsiAH52GVq_EWe9J4xM3UmzZeV9_CfPz7NRwYFOeqVRq7V7SB7GxG4zqueG73hrYpt9GY0fbwncO8cOO3Fi-M6Ytq3Mxnn45q2va7A9ohZdWGa4cMdKR4=,False
mh_latur,soybean,Monsoon delayed beyond July 8,Farmers should complete soybean sowing by July 25 and avoid fresh sowing beyond that period.,Delayed sowing beyond this period could severely impact yields and increase financial risks.,https://vertexaisearch.cloud.google.com/grounding-api-redirect/AUZIYQGg_ru5AAYCmU8LQgUCU7_PHP9FRUsH3QB3XL1rqlV610NO8cG_hgn-Xbw83TTUzusecLJjwW2e3K5TUW4V1MW0PXAD9y4xw3v3sReStbU5QwRsiowCIjVOEU8xvczsiAH52GVq_EWe9J4xM3UmzZeV9_CfPz7NRwYFOeqVRq7V7SB7GxG4zqueG73hrYpt9GY0fbwncO8cOO3Fi-M6Ytq3Mxnn45q2va7A9ohZdWGa4cMdKR4=,False
mh_latur,"cotton, tur",Monsoon delayed beyond five weeks (July 23-29),"Farmers should avoid cotton sowing. If sowing is undertaken between July 23 and July 29, use indigenous varieties, increase seed use by 25-30%, reduce the area under cotton, and give preference to tur (pigeonpea).","Delayed sowing beyond this period could severely impact cotton yields and increase financial risks, making tur a more suitable alternative.",https://vertexaisearch.cloud.google.com/grounding-api-redirect/AUZIYQGg_ru5AAYCmU8LQgUCU7_PHP9FRUsH3QB3XL1rqlV610NO8cG_hgn-Xbw83TTUzusecLJjwW2e3K5TUW4V1MW0PXAD9y4xw3v3sReStbU5QwRsiowCIjVOEU8xvczsiAH52GVq_EWe9J4xM3UmzZeV9_CfPz7NRwYFOeqVRq7V7SB7GxG4zqueG73hrYpt9GY0fbwncO8cOO3Fi-M6Ytq3Mxnn45q2va7A9ohZdWGa4cMdKR4=,False
mh_dharashiv,soybean,2026 El Nino monsoon season with projected below-normal rainfall in Marathwada region,Avoid cultivating water-intensive crops like soybean and switch to millets and pulses.,Drought-resistant crops like millets and pulses show less production losses (5-13%) compared to crops like cotton and soybean under below-normal rainfall conditions.,https://vertexaisearch.cloud.google.com/grounding-api-redirect/AUZIYQFE_SsQza0xd4Ezh3ceSk9Kiz_PguVFYYMSrjem8FvOK50XvgjAX02UrMjRUIV-VjpfJwujtpFWnhRzo2eB9U7Xgi120hokLfNazDQ3Bkv6B2mmKmDJmPu0NkYmfltBiuVn6__uWYww5LVIvG4uP8yfHs0se_O1qLYJODmt1Vuc-DE1qXc_uIBzNkbGOWVAZu2H0mwy8u9e1KcPse9m4pd3oDgb5eVe7XdhrfXOsNU3V2eFyY4urRlw_8p2smIy3WecRE9RGs991fU94NyhalSD6Lg5R4ynUrN_2FLMMzVF,True
mh_dharashiv,tur,2026 El Nino monsoon season with projected below-normal rainfall,"Prioritize cultivation of pulses, including tur.","Pulses, including tur, are identified as among the most reliable crops under projected below-normal rainfall conditions.",https://vertexaisearch.cloud.google.com/grounding-api-redirect/AUZIYQFE_SsQza0xd4Ezh3ceSk9Kiz_PguVFYYMSrjem8FvOK50XvgjAX02UrMjRUIV-VjpfJwujtpFWnhRzo2eB9U7Xgi120hokLfNazDQ3Bkv6B2mmKmDJmPu0NkYmfltBiuVn6__uWYww5LVIvG4uP8yfHs0se_O1qLYJODmt1Vuc-DE1qXc_uIBzNkbGOWVAZu2H0mwy8u9e1KcPse9m4pd3oDgb5eVe7XdhrfXOsNU3V2eFyY4urRlw_8p2smIy3WecRE9RGs991fU94NyhalSD6Lg5R4ynUrN_2FLMMzVF,False
mh_jalna,general,Mid-season drought (long dry spell),Apply foliar spray of 2% urea or DAP.,Foliar application of nutrients helps crops cope with moisture stress during dry spells.,https://vertexaisearch.cloud.google.com/grounding-api-redirect/AUZIYQEJ7A1xFTFVSpVaAGUXby4fAvVDZxWHu6nj_Q4N90IqrBZsFh4wcBQubWQFEZTVTYaWcL-uP5enYZJYiF_bSxuGi-wBA6e3TOyQjMHI1TOvUc9rr215F1C41_6e0tWUN4IbXcPc2Sihkl2AwT_7Sqk6pOiNZssgCOJshMgccLf9,True
mh_jalna,soybean,Delayed onset of monsoon,Consider substituting soybean with greengram.,Greengram was promoted as a substitute for soybean to overcome the adverse effects of delayed monsoon in Maharashtra due to its shorter duration and drought tolerance.,https://vertexaisearch.cloud.google.com/grounding-api-redirect/AUZIYQG55_IjBLf34PqhjqarZoqTh0r708bDcZcXAmeoXsjzHNJfqYFJPuIzgeQVsggAeyXLjZ5aEK8COoOOk210w3HjGJ_IRajZhKcYaQEFC--j0qMEdFOKA6Q05GhUzZWMzWpBt2HMHeXFK6-yxpXChrfNbA6Z7YTPV5Fh,True
mh_jalna,general,Projected rainfall-deficit conditions (El Niño monsoon season),"Implement seed priming, mulching, and micro-irrigation systems, and consider cultivating millets (jowar, bajra) and pulses (tur, gram, moong).","These measures improve crop establishment and resilience during dry spells, and these crops require less water and exhibit greater tolerance to moisture stress.",https://vertexaisearch.cloud.google.com/grounding-api-redirect/AUZIYQGPp-Ec9dVcu4OCHx73PwLqjRlbf-nzYI89cr1e-PGYis-17XxGlCe0Vi8eZddAXgXp1cyRDuN0zVfCHiWkY_GdU82nbMB4LMcmt65FItbXYHtAizf3r5zPNjRri4Fujo6lme3uKNFJyOuF9h9Af4VGErBFPsXCzoasU4zNR4F1cJxbuIpph71vL6mc6IzTIORyhVuC6l-S4z6pCp6MStPtqC07Vcv9uckh4avy75z7XPwnqZ3em64hT8ANAfeCvVsL,True
mh_parbhani,general,"Weak monsoon progress and significantly below-normal rainfall (e.g., 74% below normal in early June 2026), leading to inadequate soil moisture.",Delay kharif sowing.,To prevent crop losses and reduce financial strain on farmers due to premature sowing under inadequate soil moisture conditions.,https://vertexaisearch.cloud.google.com/grounding-api-redirect/AUZIYQFt1nvBwjW8whU5xKLLuR3TzbGAeibU2rEeHMPV6ktGuQ9nXpB7NntdwhG79K46u98vkGHfm2jhM22zE0lPNDR7JPS0W3Mw3VbxL1NEn5ZHCHXVxtzhCckHlyKBQ7ZxYI5Vu3_D2kjOOErJXx89S2voD6mQMdL2gNMSN4C1XMoRgVtaANTqc8WJPaIxXWXubC4hXceAzxmQaYJaPYPm0qeUe90CpklZP6STOsiI0SfQFPlttpnrgVgmfg==,True
mh_parbhani,general,Below-normal monsoon rainfall during Kharif 2026 (El Niño-driven disruptions) and water scarcity in drought-prone regions.,"Prioritize resilient and short-duration cropping systems over high-input and water-intensive crops. Consider millets (jowar, bajra) and pulses (tur, gram, moong) as reliable alternatives.",To reduce climate-related risks and for reliability under projected below-normal rainfall conditions.,https://vertexaisearch.cloud.google.com/grounding-api-redirect/AUZIYQEdznVmjsx5mHPXhlcmkX1Ux7SgYT8Mp-aZ-P0U-4RvKeW3YXSToDgVtjI6cZUbqcL-tDa6sUNvc5zWoyrjfdftEvKdy0K1qKnEuDHrqcb542mL0_1n0fCxA--XaC0C7Udm9yk7DdkDS9psaDOGxwUJvuAbiMKcf_o1gz9hbCR_OQStsqK8hNCMT4kl1YjlziUB3wiSy8NVJ7yKqxaUQQKEgFG3UYQV,True
mh_parbhani,cotton,Prolonged dry spells during the Kharif season.,Apply protective irrigation and foliar spray of KNO₃ (Potassium Nitrate).,To sustain crop growth during dry spell conditions.,https://vertexaisearch.cloud.google.com/grounding-api-redirect/AUZIYQGeb0b9ONTumX_C41pQlqhEiZolwS4ndf-0DQF30yrX6vl1fBDxo4ytOgkcUyUenO9RioQg7EVHtJDdKMcPjXtTiqGhcR4Xqgjo89lils6uaNA7zGCwYiZi6y2FxA3EOS5LoujTbpQvvW6A7NHqs6Ph8z03ptt-CRiWRPm1XFhkXSO88P4EdXxUi5Weajhcn1c=,True
mh_hingoli,general,forecasted below-normal rainfall during Kharif 2026 due to El Niño,"Shift towards more resilient and lower-risk cropping systems, prioritizing short-duration and drought-tolerant varieties of millets (jowar, bajra) and pulses (tur, gram, moong).","These crops require less water, exhibit greater tolerance to moisture stress, and offer a practical adaptation pathway amid growing climatic uncertainty.",https://vertexaisearch.cloud.google.com/grounding-api-redirect/AUZIYQG3Hx2_lfkwV3_8NmWJXt3eU8ZG0aDm7I8KW0tVo6quhkRMmWR5BqQB9oNtn0X3LuoqNuwtgBZRA1YtaNBs8ZOzSYedmEh7pKIL6lVqivJoLcdY8O22edldp8UIfbXNBqbQh_MHXaPSsRUplFTFao5Fyzywecvw2RkFQTEfCzughxe2LB1i0KFzhc833sdG5DiXy22ZptqlYHFNB8Khq8MR1JFh5ZAgl8NhRz4kW4GyVUQ9s9rsoioKYO4RNDTi7Oub,True
mh_hingoli,"soybean, cotton",possibility of less rainfall during Kharif season (El Niño) in drought-prone regions like Marathwada,"Avoid cultivating water-intensive crops like cotton and soybean, and instead opt for drought-resistant crops such as millets and pulses.","Drought-resistant crops like millets and pulses show less production losses compared to cotton and soybean during rainfall deficit, and can also serve as fodder.",https://vertexaisearch.cloud.google.com/grounding-api-redirect/AUZIYQHT1ucX2fjVa7PV8c4_ljyDm2cVDfTKMbHMNCzpnLNHIddOVPeeJy_sBsFei8eRic-LmzSDGAH2eq3BfcSfIVZjycOFhUE58CrcZ-FESFhgFoWABtLO9Ndu_Eb2OWMnoxGzhhz2aA5gX83JnoatzVE_BFPzPjBzTj6_6urq6OtolJJ4YNXXikEPxNEOaM7J2IULfucAdrKp_0p-U_kiZuNcCFCP90w2IokppiGZmbDpmDh2ZKwMNirQehuwUaMOUpiLfMp90SF6C3Dcxyl6Ip4mTb0Oo9M6Vt0CatlDyd5n,True
mh_hingoli,cotton,drought conditions (severe stress),Provide protective irrigation wherever possible and avoid applying fertilizers until the stress subsides.,"Protective irrigation helps the crop survive stress, and avoiding fertilizers during stress can prevent wastage and potential damage to the crop.",https://vertexaisearch.cloud.google.com/grounding-api-redirect/AUZIYQG3Hx2_lfkwV3_8NmWJXt3eU8ZG0aDm7I8KW0tVo6quhkRMmWR5BqQB9oNtn0X3LuoqNuwtgBZRA1YtaNBs8ZOzSYedmEh7pKIL6lVqivJoLcdY8O22edldp8UIfbXNBqbQh_MHXaPSsRUplFTFao5Fyzywecvw2RkFQTEfCzughxe2LB1i0KFzhc833sdG5DiXy22ZptqlYHFNB8Khq8MR1JFh5ZAgl8NhRz4kW4GyVUQ9s9rsoioKYO4RNDTi7Oub,False
mh_nanded,cotton,monsoon onset delayed by 4 weeks (July 2nd week),"Intercrop cotton with pigeonpea in a 6:2 row proportion, using pigeonpea varieties like BSMR 736 or 853. Adopt 15-20% more seed rate than recommended and reduce fertilizer dose by 25%.",This is a suggested contingency measure for early season drought due to delayed monsoon.,https://vertexaisearch.cloud.google.com/grounding-api-redirect/AUZIYQEcdpnsS3VJcpSlGZ-r9iYIASh_dzWEZRni5rol0DibJ2jwH5nwT9JUccvk4ZBp1Ok21nY70Um8QbYblM8s8blQIINpa9d-aA3QxCZdy9upPpb5S61ak0c6ksQ1hCvgn-kqOV0RJoEXH8KQJ6Fu66o7xOt-Rg==,True
mh_nanded,soybean,monsoon onset delayed by 4 weeks (July 2nd week),"Intercrop soybean with pigeonpea in a 4:2 row proportion, using soybean varieties like MAUS 71 or 81 and pigeonpea varieties like BSMR 736 or 853.",This is a suggested contingency measure for early season drought due to delayed monsoon.,https://vertexaisearch.cloud.google.com/grounding-api-redirect/AUZIYQEcdpnsS3VJcpSlGZ-r9iYIASh_dzWEZRni5rol0DibJ2jwH5nwT9JUccvk4ZBp1Ok21nY70Um8QbYblM8s8blQIINpa9d-aA3QxCZdy9upPpb5S61ak0c6ksQ1hCvgn-kqOV0RJoEXH8KQJ6Fu66o7xOt-Rg==,True
mh_nanded,general,weak monsoon conditions due to El Nino,"Promote short-duration crop varieties and those capable of delivering higher yields with lower water requirements. Adopt crop diversification, intercropping, and mixed farming practices.","These measures reduce dependence on a single crop and distribute risks across multiple crops, helping farmers generate income even if one crop is affected.",https://vertexaisearch.cloud.google.com/grounding-api-redirect/AUZIYQFrErSeGTutSEU-LD0K5uXwe1GjNzRiMXy4TyXyl86VlslLLwwVTXfIlSU-N2JfWYUtuog1cpDsqhCc0F0BIR8OwD20VMkRQo0OWWV8rbODs4978BfRHaOCifDz0ISogROmQEn43AiPoZQC1Q7Mu_yy-DklnzH7_KpVPmrzTybn9M3H6XVk2dYSf4Nhg0e2OkdXuOi8ZjBGZis75tvfF_6ShTNtgpuJaplqNOWCqr0ExU4k5qQAzrH_jts6IWrLGlLDvyamPStzsT58Tw==,True
ka_kalaburagi,general,no district-specific contingency plan found,consult the local Krishi Vigyan Kendra or agriculture extension officer,no citable source found for this district,,False
ka_vijayapura,general,Poor monsoon progress / zero inflow in reservoirs,Farmers should avoid cultivating water-intensive crops and plan sowing based on expected rainfall and water availability.,To prevent crop failure due to insufficient water in reservoirs.,https://vertexaisearch.cloud.google.com/grounding-api-redirect/AUZIYQGgARjhEib7SY1k2EjQfHU3JnvuK4gB8LeHOMFDIYO1nalO908iHwf3wyUBDSl5mgpadzgEuWFepOK4HDe5eVIIvcSZTzz7HF8l9CXgPZYmCEmdymSN6c5VEpry8QlGrx0GQk0jhXSjFq2goGXtLbNRACNW4ViIYAE_o1HxPjUECXk0JqoQul1jtOrdbuvem5FUZVF1aEgPRw==,False
ka_vijayapura,"tur, sunflower",Delayed monsoon / deficient rainfall,"Cultivate short-duration, drought-tolerant varieties of pulses and oilseeds.","These varieties require less water and mature quickly, helping to mitigate the vagaries of weather.",https://vertexaisearch.cloud.google.com/grounding-api-redirect/AUZIYQGgARjhEib7SY1k2EjQfHU3JnvuK4gB8LeHOMFDIYO1nalO908iHwf3wyUBDSl5mgpadzgEuWFepOK4HDe5eVIIvcSZTzz7HF8l9CXgPZYmCEmdymSN6c5VEpry8QlGrx0GQk0jhXSjFq2goGXtLbNRACNW4ViIYAE_o1HxPjUECXk0JqoQul1jtOrdbuvem5FUZVF1aEgPRw==,False
ka_vijayapura,general,Insufficient moisture in soil,Soak seeds with 2% CaCl2 solution for one hour.,To improve drought resistance in Kharif crops.,https://vertexaisearch.cloud.google.com/grounding-api-redirect/AUZIYQFZ3lBJZarD_xB7-t7taz-yrrgMczvna3bieykB9c2TjvUi2CGA3K58jSRzGOo9uyvaexkY3aphiBcklE2UxHFb4CEahhdpMzLS4EcOT7AF6N0pKwo_im-5qysbHvwO2VZo3cWQnbggvmzIG0mp_4BJjw==,True
ka_bidar,tur,Early season drought (delayed onset) - Delay by 2 weeks (June 3rd week),Follow dry sowing practice in redgram with ridges and furrows at 150 cm apart.,This practice is recommended for redgram in laterite red soil and shallow to medium black soils under delayed monsoon conditions.,https://vertexaisearch.cloud.google.com/grounding-api-redirect/AUZIYQGhPJGCSuwf-anVHZb9a-mjILW2WaBkl91z5BhPt7QfcYjRZADhDVyOa0wTi_31e9syvK5edy265yGc8Jy6yiSlCqbrnxa2tFdbz7ubRxuTN8BUHaIVU07XRTCd60q1yGXpDefnStfQq0yqeiaa3SBT3aH3r8fvx2Cmh_xiCK9ymletcP5xu9imW5TmOi4j,True
ka_bidar,soybean,Dry periods (deficient rainfall),Adopt the Broad Bed and Furrow (BBF) method for soybean.,The BBF method helps conserve soil moisture during dry periods and facilitates drainage during excess rainfall.,https://vertexaisearch.cloud.google.com/grounding-api-redirect/AUZIYQGhPJGCSuwf-anVHZb9a-mjILW2WaBkl91z5BhPt7QfcYjRZADhDVyOa0wTi_31e9syvK5edy265yGc8Jy6yiSlCqbrnxa2tFdbz7ubRxuTN8BUHaIVU07XRTCd60q1yGXpDefnStfQq0yqeiaa3SBT3aH3r8fvx2Cmh_xiCK9ymletcP5xu9imW5TmOi4j,False
rj_barmer,general,Monsoon onset delayed beyond 25th July or in the first week of August,"Sow short-duration varieties of pulses (Moong, Moth, Cowpea), Guar, and short-duration oilseed crops like Til.",These crops are recommended as alternatives to cereal crops when rainfall is received after late July or early August.,https://vertexaisearch.cloud.google.com/grounding-api-redirect/AUZIYQGo8fwitIPpfKtnDn0j1Oze2zuNhB_7XaIluYgc9mDI1INa9RhipJIk5VSicG2Yette06dIo2WU5RwdlAW9wSiEoGsVHCdLA7aKOlI0avN4Duf0rZ2Dk4sioUF7p4h8nFO04uo0I3pSVdLKoD7WFVODXt76QLCMa0AO6T-6SQu8UEFmv_pSX5tqztpwhWFamtU6tY7_ApDzrjot-eCycIJzaDUH6fRLAW3Vtmaw6izOTONUiUWwpZ3-ejdAc8fB9-1U45jk07JL25jB,True
rj_barmer,bajra,"Monsoon onset delayed, with rainfall received in the 2nd fortnight of July (up to July 25th)","Sow short-duration varieties of Bajra such as HHB-60, HHB-67, RHB-121, ICMH-356.",These short-duration varieties are suitable for sowing when monsoon rains are received within this delayed window.,https://vertexaisearch.cloud.google.com/grounding-api-redirect/AUZIYQGo8fwitIPpfKtnDn0j1Oze2zuNhB_7XaIluYgc9mDI1INa9RhipJIk5VSicG2Yette06dIo2WU5RwdlAW9wSiEoGsVHCdLA7aKOlI0avN4Duf0rZ2Dk4sioUF7p4h8nFO04uo0I3pSVdLKoD7WFVODXt76QLCMa0AO6T-6SQu8UEFmv_pSX5tqztpwhWFamtU6tY7_ApDzrjot-eCycIJzaDUH6fRLAW3Vtmaw6izOTONUiUWwpZ3-ejdAc8fB9-1U45jk07JL25jB,True
rj_barmer,guar,"Early season drought (monsoon onset delayed by 6 weeks, i.e., 3rd week of August)","Sow variety RGC-936, apply seed priming with 0.05% thio-urea, and increase seed rate by 15-20%.",These measures help in better crop establishment and drought tolerance for cluster bean under delayed monsoon conditions.,https://vertexaisearch.cloud.google.com/grounding-api-redirect/AUZIYQGzaBbINCHzen_oqH5_3rMV2fzovvA03E8kG-fSCSz4nJCRKTYfO4Qd0tpfUajYJaJSwmCFsqeI5Aso7hSmZ9ZreIhozgAodBEdQN0jWv-FBJLWh0ZUDiKSpowwtfegUMyiI9MnemG1JxS-KVsthXrUxzuvsgMb8wbkzDvtPyBAZajP_xB9q7xGfpc_gg==,True
rj_jaisalmer,bajra,monsoon onset delayed by 4 weeks (2nd week of August),"Prefer varieties like HHB 67, ICMH 356.","These varieties are recommended for sowing even with a significant delay in monsoon onset, indicating their suitability for such conditions.",https://vertexaisearch.cloud.google.com/grounding-api-redirect/AUZIYQHqOsiGUnEQmtY6kO0K2YlGLj-0DM58eXZKC0k58inRWGoF7-ckwSlibWZWIpzbg9Emj8q1kmog-l47vwtIBJMoiyzNHg3wiIM69UCmWKWi670hCDrJlWr1yT-SzmJVEnlOGBaLvEDMKFx5qcPxMzBbLqbyczvmJsahktTfEJjzas2NSQUlcjn6YovT-k26YwI=,False
rj_jaisalmer,general,rainfall received in last week of August and first week of September,Avoid sowing of Kharif crops and instead sow Rabi crops like Taramira and mustard.,"Late monsoon rainfall in this period is unsuitable for Kharif crops, making Rabi crops a more viable option.",https://vertexaisearch.cloud.google.com/grounding-api-redirect/AUZIYQHeC2uSmKEGoGAOuRiT_m9ACkBSr8hEFdFxwbIUTKiiRIocTKjbCLNisQ6i7tU1XwEBwrxsDX75Ex56o12zpBtI-wTQvJIe_Qr9vSwXH-ba6VBvvyj5km3LZlpGXoxOwZXbDALhMLNb-RqrClDYK_uSWmWV0P0oatUGJgpmORGnlPn4Tz6gUxerazOvrjf2RRpBol-c9mh8fXwdy7a5LimXz2c3B9_KOuSdpykJqo98H6l21gn1NeY7aLUCwWZawDZc31HGsfApzB2ScA==,True
rj_jaisalmer,moong,no district-specific contingency plan found,consult the local Krishi Vigyan Kendra or agriculture extension officer,no citable source found for this district,,False
rj_jodhpur,"bajra, moth",Monsoon onset delayed up to 2-4 weeks (July 15th to 30th),"Sow short-duration varieties of Pearl millet (RHB-121, HHB-67 Improved, HHB-94, HHB-226, HHB-234) and Moth bean (RMO-40, RMO-257, RMO-225, RMO-435).",Short duration varieties are recommended to adapt to the delayed onset of monsoon.,https://vertexaisearch.cloud.google.com/grounding-api-redirect/AUZIYQHk1M_hUNyCW9sF7BK0FgqjBsK4awFCZMOGfgYlj43orfZrmAdAFxGNIsd-SFHNHIEaJCDGZn0MNmPD20zg73y25be_WHNPxP3-mgZj7cOGWDYqOR37QbmIITtyn1Wo_s0LSkXa-YjwS3JfeXBqZQUok85Cm1bWymjRBYyfy_sB9g1MTpg44OJOMae33LR2,False
rj_jodhpur,general,"Mid-season drought (long dry spell, consecutive 2 weeks rainless period)","Perform thinning to maintain optimum plant population, intercultural operations to conserve moisture and remove weeds, and foliar spray of 2% urea or 2% KNO3 or 1% Thiourea at flowering and grain filling stage. Provide life-saving irrigation if feasible.","These measures aim to conserve soil moisture, control weeds, and provide nutrients to the crop during dry spells.",https://vertexaisearch.cloud.google.com/grounding-api-redirect/AUZIYQHk1M_hUNyCW9sF7BK0FgqjBsK4awFCZMOGfgYlj43orfZrmAdAFxGNIsd-SFHNHIEaJCDGZn0MNmPD20zg73y25be_WHNPxP3-mgZj7cOGWDYqOR37QbmIITtyn1Wo_s0LSkXa-YjwS3JfeXBqZQUok85Cm1bWymjRBYyfy_sB9g1MTpg44OJOMae33LR2,False
rj_jodhpur,"bajra, moth",Terminal drought (early withdrawal of monsoon) or low rainfall,"Provide life-saving irrigation if feasible; if damage is severe, harvest the crop for fodder.",This allows for salvaging the crop either for grain or for animal feed under severe drought conditions.,https://vertexaisearch.cloud.google.com/grounding-api-redirect/AUZIYQHk1M_hUNyCW9sF7BK0FgqjBsK4awFCZMOGfgYlj43orfZrmAdAFxGNIsd-SFHNHIEaJCDGZn0MNmPD20zg73y25be_WHNPxP3-mgZj7cOGWDYqOR37QbmIITtyn1Wo_s0LSkXa-YjwS3JfeXBqZQUok85Cm1bWymjRBYyfy_sB9g1MTpg44OJOMae33LR2,False
mp_sagar,soybean,monsoon onset delayed by 2 weeks (4th week of June) in deep black soils,"Utilize a blade harrow (Bakhar) for moisture conservation and weed control. Sow soybean on bunds. Treat seeds with a mixture of Thiram (1.5g) + Carbendazim (1.5g) per kg seed, followed by biofertilizers.","These practices are recommended for moisture conservation, weed management, and improved crop establishment to mitigate the impact of delayed monsoon.",https://vertexaisearch.cloud.google.com/grounding-api-redirect/AUZIYQG76x-aD7Mh2ryo8tHtk39LJE7roxFXjD4Ms0zZj5wtmbQFNCBdDdyPqp4Ap6ACamtRha3-ZkJchs_FGCrqmY5oNQnMRHwAEM365gQ6cFtTiSuP8ggJ5bgq3Lyr8a8Xb1VkwXKJbhfo0pGvyF5O-qyM_Wqs_zThjSEtBobvN81Bc5VCmL7b8A==,True
mp_sagar,urad,monsoon onset delayed by 2 weeks (4th week of June) in deep black soils,"Sow Blackgram (urad) on bunds. Treat seeds with a mixture of Thiram (1.5g) + Carbendazim (1.5g) per kg seed, followed by biofertilizers.",These practices are recommended for improved crop establishment and protection to mitigate the impact of delayed monsoon.,https://vertexaisearch.cloud.google.com/grounding-api-redirect/AUZIYQG76x-aD7Mh2ryo8tHtk39LJE7roxFXjD4Ms0zZj5wtmbQFNCBdDdyPqp4Ap6ACamtRha3-ZkJchs_FGCrqmY5oNQnMRHwAEM365gQ6cFtTiSuP8ggJ5bgq3Lyr8a8Xb1VkwXKJbhfo0pGvyF5O-qyM_Wqs_zThjSEtBobvN81Bc5VCmL7b8A==,True
mp_sagar,urad,monsoon onset delayed by 2 weeks (4th week of June) in shallow light black soils,"Consider substituting Blackgram (urad) with short-duration/drought-tolerant Pigeonpea varieties such as Number-148, JKM-7, JA-4, ICPL-85063 (Laxmi), or JKM-189.","These Pigeonpea varieties are recommended for their suitability in shallow light black soils under delayed monsoon conditions, offering a hardier alternative.",https://vertexaisearch.cloud.google.com/grounding-api-redirect/AUZIYQG76x-aD7Mh2ryo8tHtk39LJE7roxFXjD4Ms0zZj5wtmbQFNCBdDdyPqp4Ap6ACamtRha3-ZkJchs_FGCrqmY5oNQnMRHwAEM365gQ6cFtTiSuP8ggJ5bgq3Lyr8a8Xb1VkwXKJbhfo0pGvyF5O-qyM_Wqs_zThjSEtBobvN81Bc5VCmL7b8A==,True
br_gaya,maize,monsoon onset delayed beyond 4 weeks (3rd week of July),"Cultivate maize, specifically the Dewki variety, in upland areas.",Maize is a suitable alternative crop for delayed monsoon conditions in upland areas.,https://vertexaisearch.cloud.google.com/grounding-api-redirect/AUZIYQFuQLCtqjK-5aHLppoztkQqT4JJkaMbsu7otwG5EkQTKsjMqogN8l3YUHy2LTer8kW8QDM_-m1HfRw3PDIvbOIJkj1v7eQ4NLE7jYBhGp7HqCIveum5NeS1gJs2xPvMzo8nIcYMUvXiKbR7L14Usv6OdddTs5pCctuXcQQ0,False
br_gaya,paddy,"deficient rainfall leading to low paddy transplantation coverage (e.g., around 20%)",Switch from paddy to less water-intensive crops like maize.,"Paddy is a water-intensive crop, and deficient rainfall makes its cultivation challenging.",https://vertexaisearch.cloud.google.com/grounding-api-redirect/AUZIYQGOBJSr2bbVg4embEgPWYOf6gWXK1oEU8W5pQg4TOcFteSNA_6El6KqKUxdkcFBfp8SC9IGVs4qfZgsPucdfDJ_IeUEjOxEhRIS8xpGCOxBBkm4OZOABmI2423SDhYvhLqIqKcpv8Q40UU0E84TFOHopiTrx2zt-vzvnmkrGXfGGDC-sqsyZ1JTR29dqfkcxwCwjUsfeN6lcxHQosBghr87mwzpzDXv2IDwlIUM6DvkknLZyVI_GNdTlD2DiBhJfbdxv3VdTirAXgRqEv-n9u986g6nhoJ6-LESNz431JN6ru9VTKkFVXCBNz4HbDM=,False
br_gaya,general,delayed monsoon and deficient rainfall,"Promote short-duration and low-water-consuming crop varieties, and encourage crop diversification, intercropping, and mixed farming practices. Prioritize pulses, millets, and oilseeds.",These measures help in mitigating the impact of moisture stress and ensure agricultural productivity during adverse monsoon conditions.,https://vertexaisearch.cloud.google.com/grounding-api-redirect/AUZIYQGkK_v7OeH79MCzJ5Itbsn_yz45cPoMjNaDlPrORXBVMrCjr-juqrnU7cxrRQaZrxF4XM7MEMHZUd8fIKPJB6D9TYgv7nAw151YpAEtxdUO1_PENl--db_cawbOFRc5clUTPCY2gSFMZrb8SspLdJOnEROcVlzdlr7aaEOvlFTxrDhY7XJZKZNC60QOqsyUNyE=,False
gj_kutch,general,no district-specific contingency plan found,consult the local Krishi Vigyan Kendra or agriculture extension officer,no citable source found for this district,,False
gj_banaskantha,groundnut,Normal monsoon onset followed by 15-20 days dry spell after sowing leading to poor germination/crop stand,"Maintain plant population by gap filling and thinning, re-sow if necessary, provide life-saving irrigation through micro-irrigation systems, control weeds, perform interculturing, keep one plant per hill, restrict fertilizer application if moisture is insufficient, implement in-situ moisture conservation by opening deep furrows, mulching, compartmental bunding, and soil mulching by shallow interculturing.","These measures aim to conserve soil moisture, optimize plant stand, and manage nutrient availability to mitigate the effects of early season drought.",https://vertexaisearch.cloud.google.com/grounding-api-redirect/AUZIYQEedUu9eHbTbnT8yutDGHB2bLoQD3OL8AdNsvQfIjcMA8QpF7Gbg849kHjuaNfJwH5MPNDV23hlrDQJyALF7jN7vWORxly61nYiNTx_gp9AzkdlKC9twlHr_IiAOo7Ti-y7PBcyEJVb7ryhUHz7G89h44xREHidjzZvk08Jas75OgIcfdcRv9w3EQXnY3uY-JoMgbyUuyk=,True
gj_banaskantha,bajra,"Mid-season drought (long dry spell, consecutive 2 weeks rainless (>2.5 mm) period) at vegetative stage","Reduce plant population by 15-20% by uprooting and use as mulch or fodder, perform shallow interculturing, and harvest one row of Bajra at an interval of 3 lines to use as fodder.","Reducing plant population and using harvested plants as fodder helps conserve moisture and provides feed, while interculturing aids in soil moisture retention during mid-season drought.",https://vertexaisearch.cloud.google.com/grounding-api-redirect/AUZIYQEedUu9eHbTbnT8yutDGHB2bLoQD3OL8AdNsvQfIjcMA8QpF7Gbg849kHjuaNfJwH5MPNDV23hlrDQJyALF7jN7vWORxly61nYiNTx_gp9AzkdlKC9twlHr_IiAOo7Ti-y7PBcyEJVb7ryhUHz7G89h44xREHidjzZvk08Jas75OgIcfdcRv9w3EQXnY3uY-JoMgbyUuyk=,True
gj_banaskantha,cotton,"Mid-season drought (long dry spell, consecutive 2 weeks rainless (>2.5 mm) period) at vegetative stage",Apply alternate furrow irrigation.,Alternate furrow irrigation is a water-saving technique recommended for cotton during periods of water scarcity to optimize water use.,https://vertexaisearch.cloud.google.com/grounding-api-redirect/AUZIYQEedUu9eHbTbnT8yutDGHB2bLoQD3OL8AdNsvQfIjcMA8QpF7Gbg849kHjuaNfJwH5MPNDV23hlrDQJyALF7jN7vWORxly61nYiNTx_gp9AzkdlKC9twlHr_IiAOo7Ti-y7PBcyEJVb7ryhUHz7G89h44xREHidjzZvk08Jas75OgIcfdcRv9w3EQXnY3uY-JoMgbyUuyk=,True
mp_chhatarpur,general,delayed onset of monsoon or around 40% of shortfall in rain,"Prefer short duration and drought tolerant Kharif crops like pearl millet (Bajra), sorghum (jowar), moth bean, urd bean, green gram, til, pigeon pea and groundnut.","These crops require about 200-350 mm of water, making them suitable for rainfall deficit conditions, while rainfed rice and soybean would be difficult to raise.",https://vertexaisearch.cloud.google.com/grounding-api-redirect/AUZIYQEOWf1sdrfBr7n66m7TLPLszX7JtsEA9fgfAqxoHUkRRbUb5ZUm59aMaFFGK8wxfMWze48IlNIw2SSe_7WmuXU9edKnim1sgSoC2_p8-CrtIk707q2QAolJ-_cUt7uwLZCk2LHShGIb0qsrlizFB__axHasdQqn47goTaDBpknvq_iKaCeCll0pqRd91KV0HAHhZNWRHec4qAp1iOObSQRQtET1D2G0h_wK,True
mp_chhatarpur,soybean,"After the arrival of the monsoon, but with potential for deficient rainfall","Sow disease- and pest-resistant soybean varieties such as JS 21-72, RVS 2002-4, RVSM 2011-35, Indore Soya 130, JS 20-29, JS 20-34, JS 20-69, JS 20-94, JS 20-98, JS 20-116, NRC-38, NRC-86, NRC-127, and NRC-150, after about 100 mm of rainfall, using Broad Bed Furrow (BBF) or Ridge & Furrow method.","These varieties are recommended for soybean sowing in Madhya Pradesh, and BBF/Ridge & Furrow methods are advised for efficient water management.",https://vertexaisearch.cloud.google.com/grounding-api-redirect/AUZIYQFCVXdgCLpewM3hiN79JsjcP6BpMu_W1gFJoK0bjKYeX-RYHO7n6CwrDLBMxlfRfe7w-4UQRPi_KXIre1IPbSbY8qXY8wZPA_zXBcuVoPTMx-Iwe8UQHgEeoZtmLRC_IOfoDST7cZamdWG7ml_iU5nZZPo=,True
cg_mahasamund,general,Anticipated below-normal rainfall due to El Nino / Deficient monsoon conditions,Adopt weather-responsive crop planning by reducing dependence on paddy and shifting towards crops that require less water.,This helps farmers minimize risks associated with uncertain rainfall and safeguard their incomes.,https://vertexaisearch.cloud.google.com/grounding-api-redirect/AUZIYQEO5mbQuVFJNtjRw9veKjEsU5wDjsP3Pl2Vr_hgzEULViCqC-xZH0g4fwA4sCHEopPwtITEXlS-SZNPV9VV0L9x_0CdqFgAJNiQZ8XJpHun2_QEnli8t0zGYNFjTWA-UcZRKoIbxtfyen7iX6Fz5vbewhjp9tKLs_L3KB1Nh7WwH6sLxOnKqrRgrAZuqOuy0Ca65Y_CT4x6FtTFhHBfJzKrJR5OdpoF4D9L7edfU4wprt9YiQ7lc5flH3nZHaPtqw==,False
cg_mahasamund,paddy,Drought during Kharif season / need for less water requirement crops,"Cultivate alternative crops such as groundnut, arhar, jowar, bajra, soybean, kodo, ragi, moong, and black gram.","These crops require less moisture and water, making them suitable alternatives to water-intensive paddy in drought-prone areas.",https://vertexaisearch.cloud.google.com/grounding-api-redirect/AUZIYQEO5mbQuVFJNtjRw9veKjEsU5wDjsP3Pl2Vr_hgzEULViCqC-xZH0g4fwA4sCHEopPwtITEXlS-SZNPV9VV0L9x_0CdqFgAJNiQZ8XJpHun2_QEnli8t0zGYNFjTWA-UcZRKoIbxtfyen7iX6Fz5vbewhjp9tKLs_L3KB1Nh7WwH6sLxOnKqrRgrAZuqOuy0Ca65Y_CT4x6FtTFhHBfJzKrJR5OdpoF4D9L7edfU4wprt9YiQ7lc5flH3nZHaPtqw==,False
cg_mahasamund,paddy,Delayed monsoon / need for water conservation in paddy cultivation,"Practice direct sowing of rice (DSR), select short-duration paddy varieties like Indira Barani (95-120 days), minimize transplanting, and maintain 3-5 cm water depth in fields.","Direct sowing allows for better root spread and water efficiency, short-duration varieties are more resilient to delayed monsoons, and controlled water levels conserve water.",https://vertexaisearch.cloud.google.com/grounding-api-redirect/AUZIYQEO5mbQuVFJNtjRw9veKjEsU5wDjsP3Pl2Vr_hgzEULViCqC-xZH0g4fwA4sCHEopPwtITEXlS-SZNPV9VV0L9x_0CdqFgAJNiQZ8XJpHun2_QEnli8t0zGYNFjTWA-UcZRKoIbxtfyen7iX6Fz5vbewhjp9tKLs_L3KB1Nh7WwH6sLxOnKqrRgrAZuqOuy0Ca65Y_CT4x6FtTFhHBfJzKrJR5OdpoF4D9L7edfU4wprt9YiQ7lc5flH3nZHaPtqw==,False
up_banda,paddy,deficient rainfall/El Nino monsoon season in rain-fed areas,"Cultivate alternative, low-water crops such as millets (Sri Anna), maize, urad, mung, sesame, and pigeon pea instead of paddy.","Paddy cultivation is recommended only in areas with assured water resources, and these alternatives are low-water and drought-tolerant crops.",https://vertexaisearch.cloud.google.com/grounding-api-redirect/AUZIYQEQM3WD-Zwa6F6-eExo-01Ot6Owk2IprRwutJeIgLGqtQZ8Wl05w678KQd2h3fROZSRDVs3aYnT06te0KNh_6bQzuPwbK9ujjjgulQ0aJJ4i-uj6yAD7h-p4UmDpqKswk6WxSDJvnDoJbCrTTWBWw25lBQemnDlZnQbUtcWD70xGlrUBbWIDLyTfR25xGT1HC--Lqis9kT13mq10d53jQKkjjufleyXm5u8MhN2fNjUSjjs,True
up_banda,paddy,deficient rainfall/El Nino monsoon season (if paddy must be grown),Adopt the direct seeding method of rice (DSR) and select varieties that mature in a shorter period of time.,These methods are recommended for better production with less water.,https://vertexaisearch.cloud.google.com/grounding-api-redirect/AUZIYQEQM3WD-Zwa6F6-eExo-01Ot6Owk2IprRwutJeIgLGqtQZ8Wl05w678KQd2h3fROZSRDVs3aYnT06te0KNh_6bQzuPwbK9ujjjgulQ0aJJ4i-uj6yAD7h-p4UmDpqKswk6WxSDJvnDoJbCrTTWBWw25lBQemnDlZnQbUtcWD70xGlrUBbWIDLyTfR25xGT1HC--Lqis9kT13mq10d53jQKkjjufleyXm5u8MhN2fNjUSjjs,True
up_banda,tur,"delayed onset of monsoon or around 40% shortfall in rain, or mid-season drought at vegetative stage","Prefer short-duration and drought-tolerant pigeon pea varieties, and apply life-saving irrigation, straw mulch, thinning, and intercropping.","Short-duration and drought-tolerant varieties require less water, and these practices help cope with mid-season dry spells and improve yields.",https://vertexaisearch.cloud.google.com/grounding-api-redirect/AUZIYQG0t-F6ixYBJCTjf6QDcmtISkb0gb8BEezFP57se8-ohNGk0dB7JueafoNuatU1gYFszxWP3g-TZmOuxXF3v9lcA_Ua6G3jGNjsYlFyhGPLU1AM-pDRFwKpohP6-JemWnoTz2xbVf3AQYa40y5Kt9QtekfH8mLhSjtZZcuhNvB-MzLj_6TAJAuDiGWvzt_3Aq-FB0vTy4t5p7mmNSw67jsHi5FNylE0PkoO,True
up_chitrakoot,paddy,"deficient rainfall or delayed monsoon, especially in rain-fed areas","Cultivate paddy only in areas with assured water resources. For rain-fed cultivation, switch to crops like millets, maize, urad, mung, sesame, and pigeon pea. Adopt direct seeding method of rice (DSR) and select short-duration varieties. Build one-foot-high ridges in paddy fields to conserve rainwater.","These measures conserve water and are suitable for conditions with less water availability, and short-duration varieties can adapt to delayed monsoon.",https://vertexaisearch.cloud.google.com/grounding-api-redirect/AUZIYQEqFe7znSi0uxK9ZjMP5hvu9I1cPsrex-fLIL-85JWC9EOtXOtyR0Y4QCK-bSUVxNYmIxaDl8hH3UY30RIzod386oo7frz_-X292g0wfxqAfjKIZW3jEPDsb1NK-CZhcNuwguzCzP_IIaMQb7Y1maVElMOA_cjcDSX8kxGcF0y_5Ti_-QqRnuWJsCh6odJ9KlAxb3AJ6abF8nBZ2eBeDthVHhnCosZQZsiAgtrcXRi90C28ucw=,False
up_chitrakoot,maize,deficient rainfall or delayed monsoon,Grow pigeon pea or green gram along with maize under mixed farming. Consider hybrid and HQPM-1 varieties.,Mixed farming with pulses helps in risk diversification and potentially better resource utilization under water stress.,https://vertexaisearch.cloud.google.com/grounding-api-redirect/AUZIYQEqFe7znSi0uxK9ZjMP5hvu9I1cPsrex-fLIL-85JWC9EOtXOtyR0Y4QCK-bSUVxNYmIxaDl8hH3UY30RIzod386oo7frz_-X292g0wfxqAfjKIZW3jEPDsb1NK-CZhcNuwguzCzP_IIaMQb7Y1maVElMOA_cjcDSX8kxGcF0y_5Ti_-QqRnuWJsCh6odJ9KlAxb3AJ6abF8nBZ2eBeDthVHhnCosZQZsiAgtrcXRi90C28ucw=,False
up_chitrakoot,general,"delayed onset of monsoon or significant shortfall in rain (e.g., 40% shortfall)","Prefer short-duration and drought-tolerant Kharif crops like pearl millet (Bajra), sorghum (jowar), moth bean, urd bean, green gram, til, pigeon pea, and groundnut. Promote short-duration crop varieties and those capable of delivering higher yields with lower water requirements. Adopt crop diversification, intercropping, and mixed farming practices.","These crops require less water and mature faster, reducing risk under deficient rainfall. Diversification helps mitigate risks if one crop fails.",,False
jh_palamu,general,"Anticipated poor monsoon/below-normal rainfall due to El Nino effect, leading to drought-like conditions.","Promote cultivation of short-duration, low water-requiring, and high-value crops such as maize, pulses (Urad, Moong), oilseeds, millets (Madua/Ragi), and Soyabean, particularly in upland areas.",To minimize production risk and reduce dependence on water-intensive crops like paddy during deficient rainfall.,https://vertexaisearch.cloud.google.com/grounding-api-redirect/AUZIYQEFBL6T2_kWiXqZiw7ZEB-fX0MYu_sL6405mWUNrp6Gird2FU_ei8m6xq2UZ20dS3-nYL9FaMlLWpJ-LcCHE93uykb3YtUBbD4POaBEI7kGSvw8hobs1Yo-vCRBAyMdGS_jtqf-TqSuxUU8HbfBQ2tddAbXZ42A5RXkjTvgdxTsmlmkDqDlsHVWwHQcLHuRNYltq8zU3ynw6KBBE_qLxuELm7ZhTdfDxH2gPoNLz-0-CgwPBxdFJXP9jplHhVBXWnolMP5FmT8bWIRoG3mTwErNarmALiHQu38boGlFEQ==,False
jh_palamu,paddy,"Scanty rainfall in June and delayed monsoon, making normal sowing difficult.",Extend paddy sowing activity until the first week of August.,Changes in rainfall patterns over recent years have shown that sowing can be extended beyond the traditional July 15 deadline.,https://vertexaisearch.cloud.google.com/grounding-api-redirect/AUZIYQHU7U05vS1TrJZOFsKP-ZFOhNJYigYg_rGd8pUSgCZS-a_M0Bb3Pf5V8dNVSGrOzrkPVHANGTJU45Vh8N-BfDHP-RClMukCYVv6Iu2cZ5VKRjDKKVS2dMFAXOHuXSyw5N62NhipQgmy_nmNkYY6Tj1dwyBgvTqFsHaXC4FV0JL1hU43iMTVUfBJ2ew2CArMkX1floFyqVDeBld52WX-QsNsJQ==,False
jh_palamu,general,Deficit rainfall or delayed monsoon.,"Implement water management technologies such as community nurseries, rainwater harvesting in plastic-lined Dobhas, increasing field bund height, and mulching with polythene sheets.",These technologies help minimize the impact of deficit rainfall or delayed monsoon.,https://vertexaisearch.cloud.google.com/grounding-api-redirect/AUZIYQHheUiwvkvxgWUSI5HEpH7sJc0EaR8_W0HQOMlMbMNEvruk0jeUuPZPVIyWd-1odxNk-o3-wwi_y32qZoTb1Hca_GiHSw372c4ro8hvPTWF04C-o6EA1Z0Oock=,False
